time,open,high,low,close,MA,Volume,Volume MA,Plot,Gross profit,Free cash flow,RSI,MOM,U.S. Inflation
1572615000,16.8,16.894,15.52,15.66,16.66555556,1603732,1140436.85,0.108716276,9746000,-113759000,47.69776575,0.85,2.043730372
1572877800,15.9,16.8,15.83,16.8,16.76333333,1357932,1139636.65,0.11408496,9746000,-113759000,57.15582866,1.3,2.043730372
1572964200,16.94,17.72,16.71,16.89,16.76222222,1742360,1165445.15,0.118715858,9746000,-113759000,57.80456727,0.97,2.043730372
1573050600,16.83,17.49,16.05,16.13,16.71111111,1575549,1124904.35,0.099652131,9746000,-113759000,50.80827119,-0.77,2.043730372
1573137000,16.33,17.6084,16.2801,17.5,16.76555556,2043611,1159796.35,0.120113758,9746000,-113759000,60.16741596,0.91,2.043730372
1573223400,17.25,17.5,17.11,17.49,16.81666667,973669,1161415.4,0.133542236,9746000,-113759000,60.07756546,0.48,2.043730372
1573482600,17.33,17.52,17.2,17.4,16.86222222,949933,1160885.3,0.139081571,9746000,-113759000,59.22041356,0.37,2.043730372
1573569000,17.34,18.1,17.3025,17.99,16.95666667,1978343,1201930.15,0.156762447,9746000,-113759000,62.95208518,1,2.043730372
1573655400,18,18.5,17.71,18.25,17.12333333,2014902,1256921.05,0.174599224,9746000,-113759000,64.49402718,1.11,2.043730372
1573741800,18.16,18.5,17.91,18.34,17.42111111,1532586,1281854.65,0.187607492,9746000,-113759000,65.03649389,1.59,2.043730372
1573828200,18.39,19.43,18.35,19.37,17.70666667,1882089,1296130.7,0.222033453,9746000,-113759000,70.57687746,3.71,2.043730372
1574087400,19.21,19.45,18.67,19.45,17.99111111,923140,1295715.55,0.246744186,9746000,-113759000,70.96176384,2.65,2.043730372
1574173800,19.27,19.87,19.0824,19.36,18.35,1144750,1323245.25,0.258826047,9746000,-113759000,69.85469009,2.47,2.043730372
1574260200,19.38,20.4,19.35,20.18,18.64777778,2316542,1363460.4,0.285447291,9746000,-113759000,73.85662346,4.05,2.043730372
1574346600,19.98,20.32,19.69,20.2,18.94888889,1202497,1367977.95,0.301176444,9746000,-113759000,73.94746842,2.7,2.043730372
1574433000,20.07,20.73,19.86,20.69,19.31444444,1443557,1403300.35,0.320811041,9746000,-113759000,76.13544786,3.2,2.043730372
1574692200,20.9,21,19.95,20,19.53777778,1927782,1467070.15,0.311112339,9746000,-113759000,67.53431777,2.6,2.043730372
1574778600,20,20.65,19.82,20.33,19.76888889,1549446,1506956.1,0.306293431,9746000,-113759000,69.31949231,2.34,2.043730372
1574865000,20.28,20.7,19.99,20.37,19.99444444,1561222,1536959.7,0.297385842,9746000,-113759000,69.53813921,2.12,2.043730372
1575037800,20.6,20.93,20.28,20.36,20.10444444,1186734,1545518.8,0.283990856,9746000,-113759000,69.40497238,2.02,2.043730372
1575297000,20.3,20.54,19.6,19.76,20.13888889,1186785,1524671.45,0.251260459,9746000,-113759000,61.76250144,0.39,2.261448832
1575383400,19.48,21.37,19.41,21.28,20.35222222,1795347,1546542.2,0.261337369,9746000,-113759000,70.59590463,1.83,2.261448832
1575469800,21,21.47,20.9325,21.27,20.47333333,1980055,1558426.95,0.262988093,9746000,-113759000,70.48054631,1.91,2.261448832
1575556200,21.49,21.5,20.57,20.64,20.52222222,1478421,1553570.55,0.241197692,9746000,-113759000,63.44654216,0.46,2.261448832
1575642600,20.78,21.04,18.82,18.94,20.32777778,3537657,1628272.85,0.172514073,9746000,-113759000,49.18264256,-1.26,2.261448832
1575901800,19.07,19.3,18.67,18.78,20.19222222,2823956,1720787.2,0.110149896,9746000,-113759000,48.08688936,-1.91,2.261448832
1575988200,18.78,19.09,18.58,18.87,20.03,1619895,1754285.3,0.060426906,9746000,-113759000,48.77818381,-1.13,2.261448832
1576074600,19.03,19.11,18.53,18.65,19.83888889,1233120,1717024.15,0.012910095,9746000,-113759000,47.12617242,-1.68,2.261448832
1576161000,18.56,19.045,18.32,18.45,19.62666667,1313402,1681949.15,-0.031590201,9746000,-113759000,45.61374298,-1.92,2.261448832
1576247400,18.47,18.72,18.32,18.62,19.5,1302439,1670441.8,-0.063005028,9746000,-113759000,47.16588342,-1.74,2.261448832
1576506600,18.6,18.97,18.22,18.52,19.19333333,1785541,1665614.4,-0.091038666,9746000,-113759000,46.32830777,-1.24,2.261448832
1576593000,18.54,18.7,18.31,18.44,18.87888889,1647786,1701846.7,-0.11542175,9746000,-113759000,45.63019899,-2.84,2.261448832
1576679400,18.48,19,18.48,18.64,18.65666667,1277655,1708491.95,-0.128958491,9746000,-113759000,47.74996508,-2.63,2.261448832
1576765800,18.58,19.67,18.5,19.41,18.70888889,2101681,1697748.9,-0.118382992,9746000,-113759000,55.020844,-1.23,2.261448832
1576852200,19.4,20,19.05,19.83,18.82555556,10931559,2184202,-0.09868816,9746000,-113759000,58.41968864,0.89,2.261448832
1577111400,19.79,19.85,19.34,19.7,18.91777778,1789840,2201516.15,-0.087082324,9746000,-113759000,56.98435007,0.92,2.261448832
1577197800,19.69,19.79,19.35,19.75,19.04,488921,2129573.1,-0.077042389,9746000,-113759000,57.41769688,0.88,2.261448832
1577370600,19.82,20.11,19.66,19.86,19.19666667,750317,2089616.65,-0.066729615,9746000,-113759000,58.41035944,1.21,2.261448832
1577457000,19.99,20,19.25,19.52,19.29666667,1046852,2063898.15,-0.068527811,9746000,-113759000,54.20428431,1.07,2.261448832
1577716200,19.54,19.94,18.94,19.05,19.35555556,1183298,2063726.35,-0.083195291,9746000,-113759000,48.95622546,0.43,2.261448832
1577802600,18.96,19.64,18.96,19.56,19.48,1112406,2060007.4,-0.081065164,5116000,-114111000,54.14439878,1.04,2.261448832
1577975400,19.57,19.81,18.88,19.23,19.54555556,1229434,2031711.75,-0.088634015,5116000,-114111000,50.56315175,0.79,2.474241506
1578061800,19.02,19.36,18.72,18.89,19.48777778,1750976,2020257.8,-0.10385139,5116000,-114111000,47.1060876,0.25,2.474241506
1578321000,18.7,18.74,18.01,18.13,19.29888889,1606505,2026662,-0.136093468,5116000,-114111000,40.44878706,-1.28,2.474241506
1578407400,18.15,18.32,17.68,17.78,19.08555556,1461935,1922875.9,-0.169889935,5116000,-114111000,37.79940138,-2.05,2.474241506
1578493800,17.99,18.08,17.76,17.98,18.88888889,1041551,1833755.65,-0.189402893,5116000,-114111000,40.20941299,-1.72,2.474241506
1578580200,18,18.55,17.9,18.4,18.72666667,1531344,1829328.1,-0.191490427,5116000,-114111000,45.02647394,-1.35,2.474241506
1578666600,21,21,19.05,19.14,18.68444444,4504819,1992913.05,-0.171286876,5116000,-114111000,52.31585185,-0.72,2.474241506
1578925800,19.26,20.36,18.6,20.26,18.81888889,2207943,2037640.1,-0.123757047,5116000,-114111000,60.79013876,0.74,2.474241506
1579012200,20.45,20.4979,19.55,20,18.86777778,1782859,2061661.1,-0.093084446,5116000,-114111000,58.20417017,0.95,2.474241506
1579098600,19.94,20.58,19.94,20.24,18.98,2054963,2075132.2,-0.062430354,5116000,-114111000,59.89990556,0.68,2.474241506
1579185000,21.68,21.87,20.77,21.01,19.21555556,4928102,2239148,-0.017918758,5116000,-114111000,64.83006399,1.78,2.474241506
1579271400,21.5,21.5,20.55,20.62,19.49222222,3348525,2342691.5,0.005244247,5116000,-114111000,60.75568901,1.73,2.474241506
1579617000,20.79,21.49,20.645,20.94,19.84333333,2089578,2342086.35,0.030672283,5116000,-114111000,62.8204002,2.81,2.474241506
1579703400,22.08,23.2,21.7,21.97,20.28666667,10920657,2341541.25,0.076654719,5116000,-114111000,68.55503369,4.19,2.474241506
1579789800,22.17,22.65,21.4,21.47,20.62777778,3663943,2435246.4,0.09641749,5116000,-114111000,63.43963929,3.49,2.474241506
1579876200,21.6,21.8793,20.9,21.12,20.84777778,2947764,2558188.55,0.099529585,5116000,-114111000,60.06119717,2.72,2.474241506
1580135400,22.1,23.12,21.12,22.74,21.12333333,10294739,3035409.65,0.142948006,5116000,-114111000,68.43912274,3.6,2.474241506
1580221800,23.5,23.5,21.8501,22.36,21.38555556,5649269,3265530.5,0.162780579,5116000,-114111000,64.99502976,2.1,2.474241506
1580308200,22.23,22.34,20.45,20.55,21.42,4675832,3440157.2,0.125219519,5116000,-114111000,51.65974356,0.55,2.474241506
1580394600,21.05,21.74,20.8,20.99,21.41777778,3061810,3537627.4,0.104555772,5116000,-114111000,54.12389566,0.75,2.474241506
1580481000,21.14,21.32,20.05,20.51,21.40555556,2833631,3617837.25,0.072408582,5116000,-114111000,51.06572772,-0.5,2.474241506
1580740200,20.66,21.06,19.7,20.38,21.34333333,3214618,3691019.35,0.041311681,5116000,-114111000,50.23780512,-0.24,2.314512845
1580826600,20.09,20.88,19.75,20.87,21.22111111,1824436,3701915.9,0.028298439,5116000,-114111000,53.31048281,-0.07,2.314512845
1580913000,20.99,21.2,19.67,20.05,21.06333333,2656824,3761660.35,-0.005929719,5116000,-114111000,47.9721116,-1.92,2.314512845
1580999400,20.27,20.32,19.7,19.88,20.92555556,1929739,3806069.75,-0.038483094,5116000,-114111000,46.92304728,-1.59,2.314512845
1581085800,19.79,23.39,19.79,23.24,20.98111111,10144169,4236711,0.02634449,5116000,-114111000,63.78152825,2.12,2.314512845
1581345000,23.5,23.95,22.3832,23.65,21.12444444,9356771,4479308.6,0.08588428,5116000,-114111000,65.23268034,0.91,2.314512845
1581431400,22.09,22.74,21.28,21.35,21.21333333,6188339,4678328.4,0.066979799,5116000,-114111000,52.52002205,-1.01,2.314512845
1581517800,19.64,19.67,18.5,19.01,20.99333333,19231794,5550775.15,-0.01363339,5116000,-114111000,43.27898131,-1.54,2.314512845
1581604200,19.36,19.8,18.89,19.045,20.83055556,6837002,5789877.1,-0.076573641,5116000,-114111000,43.43928656,-1.945,2.314512845
1581690600,19.27,19.29,18.85,19,20.67722222,5384464,5812695.2,-0.126914905,5116000,-114111000,43.26996222,-1.51,2.314512845
1582036200,19.14,19.35,18.57,18.91,20.45944444,4129369,5851737.4,-0.167835362,5116000,-114111000,42.90970977,-1.47,2.314512845
1582122600,19.09,19.24,18.725,18.92,20.33388889,3148012,5904659.1,-0.19801598,5116000,-114111000,42.96652861,-1.95,2.314512845
1582209000,18.86,19.17,18.42,18.54,20.185,4562216,5586737.05,-0.229857619,5116000,-114111000,41.28505032,-1.51,2.314512845
1582295400,18.47,18.55,17.91,18.23,19.62833333,3696712,5588375.5,-0.260500819,5116000,-114111000,39.91279196,-1.65,2.314512845
1582554600,19.23,19.28,18.3,18.59,19.06611111,7605391,5821256.85,-0.271494636,5116000,-114111000,42.31086595,-4.65,2.314512845
1582641000,22.15,26.55,20.51,23.76,19.33388889,65001881,8556613.95,-0.136774062,5116000,-114111000,64.32862545,0.11,2.314512845
1582727400,29.05,29.98,27.08,29.16,20.46166667,78016785,12174989.75,0.115184918,5116000,-114111000,75.04287156,7.81,2.314512845
1582813800,35.88,36,23.05,26.16,21.25222222,68256337,15354015,0.226715985,5116000,-114111000,63.61169529,7.15,2.314512845
1582900200,23.38,25.95,22.015,25.93,22.02222222,24425125,16422180.75,0.302305896,5116000,-114111000,62.82159594,6.885,2.314512845
1583159400,27,30.75,25.21,29.88,23.24111111,33084026,17934700.5,0.461799494,5116000,-114111000,69.76677122,10.88,1.51172353
1583245800,27.8035,28.6,26.6,27.91,24.24,17599114,18653925.3,0.523477167,5116000,-114111000,63.40510994,9,1.51172353
1583332200,27.99,28.72,26.8,27.49,25.23444444,11817666,19153586.8,0.549980918,5116000,-114111000,62.10489399,8.57,1.51172353
1583418600,27.49,28.95,26.535,28.01,26.32111111,14669976,19754244.4,0.573997243,5116000,-114111000,63.11344544,9.47,1.51172353
1583505000,27.98,29.8,27.67,29.61,27.54555556,21097488,20712631.85,0.624726494,5116000,-114111000,66.10281676,11.38,1.51172353
1583760600,30,30,24.16,24.29,27.60444444,14124076,20911627.2,0.507866893,5116000,-114111000,51.2347971,5.7,1.51172353
1583847000,25.71,25.94,21.28,22.34,26.84666667,13019516,21094764.45,0.353804116,5116000,-114111000,47.05684348,-1.42,1.51172353
1583933400,22.54,25.7491,22.5235,23.61,26.56333333,14825434,21526619.2,0.260369701,5116000,-114111000,49.92107041,-5.55,1.51172353
1584019800,22.8997,24.28,21.9,22.3,26.16,11305347,21130296.85,0.145597743,5116000,-114111000,47.09105825,-3.86,1.51172353
1584106200,23,23.47,19.31,21.3,25.20666667,11853052,21381099.35,0.024450032,5116000,-114111000,44.99417572,-4.63,1.51172353
1584365400,23.61,27.8,22.22,26.49,25.04888889,39850785,23104415.4,0.067834918,5116000,-114111000,55.95583044,-3.39,1.51172353
1584451800,29.36,32.7,27.3148,28.18,25.12555556,44484144,25122154.15,0.143517186,5116000,-114111000,58.83272281,0.27,1.51172353
1584538200,27.13,32.54,26.55,31.58,25.52222222,28702290,26399868.05,0.28928809,5116000,-114111000,63.93637905,4.09,1.51172353
1584624600,32.78,34.98,25.19,28.27,25.37333333,36952753,28019394.9,0.305415774,5116000,-114111000,56.58207021,0.26,1.51172353
1584711000,29.25,30.23,26.2,28.2,25.80777778,16522449,28660681.75,0.308208994,5116000,-114111000,56.43423047,-1.41,1.51172353
1584970200,28.71,29.81,26.25,26.57,26.27777778,11080845,28834454.45,0.258274172,5116000,-114111000,52.96393223,2.28,1.51172353
1585056600,27.09,27.25,24.36,25.82,26.52333333,12550494,26211885.1,0.191932709,5116000,-114111000,51.39780477,3.48,1.51172353
1585143000,25,27.98,24.79,27.13,27.06,9651543,22793623,0.169611557,5116000,-114111000,53.95868529,3.52,1.51172353
1585229400,27.56,28.79,27.56,27.94,27.79777778,5585886,19660100.45,0.16823832,5116000,-114111000,55.51932692,5.64,1.51172353
1585315800,28.37,31.09,27.95,30.05,28.19333333,12408297,19059259.05,0.218279246,5116000,-114111000,59.38174152,8.75,1.51172353
1585575000,30.59,31.69,28.27,30.48,28.44888889,10749923,17942553.9,0.261887013,5116000,-114111000,60.14133456,3.99,1.51172353
1585661400,30.6,30.98,29.2,29.95,28.26777778,6027880,17363992.2,0.273722184,940000,-127658000,58.68461472,1.77,1.51172353
1585747800,30.05,30.94,29.44,29.67,28.42333333,7004587,17123338.25,0.267368082,940000,-127658000,57.88689547,-1.91,0.339174232
1585834200,30.6,33.39,29.84,33.2,28.97888889,15934404,17186559.65,0.350021076,940000,-127658000,64.44818181,4.93,0.339174232
1585920600,32.81,35.66,32.72,34.84,29.89777778,16896224,16976496.45,0.449174134,940000,-127658000,67.01909893,6.64,0.339174232
1586179800,34.91,35.185,33.33,34.64,30.87777778,10841594,16812372.35,0.509581986,940000,-127658000,66.38859101,8.07,0.339174232
1586266200,33.81,34.03,30.9801,32.02,31.42111111,10104337,16666613.4,0.473255668,940000,-127658000,58.60970398,6.2,0.339174232
1586352600,32.36,32.94,31.7501,32.42,31.91888889,4119844,16131333.9,0.443980703,940000,-127658000,59.39201392,5.29,0.339174232
1586439000,32.55,32.92,31.32,31.86,32.12,4861753,15809154.2,0.394515963,940000,-127658000,57.74643685,3.92,0.339174232
1586784600,32,32.98,31.71,32.9,32.38888889,5603883,15496695.75,0.373341295,940000,-127658000,59.96494293,2.85,0.339174232
1586871000,34,34.99,33.15,34.66,32.91222222,8126897,13910501.35,0.393831809,940000,-127658000,63.46128977,4.18,0.339174232
1586957400,34.64,38.45,33.72,37.25,33.75444444,15682994,12470443.85,0.468670419,940000,-127658000,67.90353959,7.3,0.339174232
1587043800,38.0735,41.55,36.62,40.6,34.57666667,20670718,12068865.25,0.604907246,940000,-127658000,72.55182664,10.93,0.339174232
1587130200,48.99,49,43.38,46.85,35.91111111,32285976,11835526.4,0.864899014,940000,-127658000,78.7384162,13.65,0.339174232
1587389400,45,54.95,44.51,51.69,37.80555556,34102467,12714527.3,1.178322187,940000,-127658000,82.1025877,16.85,0.339174232
1587475800,53,56.38,43.11,49.26,39.72111111,39641959,14142583,1.330998259,940000,-127658000,75.6321377,14.62,0.339174232
1587562200,50.61,51.82,49.06,51.2,41.80777778,11690439,14099580.25,1.47421446,940000,-127658000,77.17846903,19.18,0.339174232
1587648600,49.1,50.7,46.89,47.44,43.53888889,15152351,14374620.65,1.452988617,940000,-127658000,68.15169477,15.02,0.339174232
1587735000,47.15,50.5,47.1416,50.5,45.49444444,11712457,14680949.2,1.488508604,940000,-127658000,71.11283892,18.64,0.339174232
1587994200,51.53,51.7,47.3,48.05,46.98222222,13744397,14747754.2,1.417867047,940000,-127658000,65.83496317,15.15,0.339174232
1588080600,50.4,50.45,47.17,47.88,48.16333333,13067207,14863618.4,1.327154264,940000,-127658000,65.47185726,13.22,0.339174232
1588167000,46.6,46.9497,45.01,46.37,48.80444444,11761966,15150322.7,1.185592335,940000,-127658000,62.19078727,9.12,0.339174232
1588253400,46.78,48.37,45.82,45.99,48.70888889,7741871,15187186.9,1.037005713,940000,-127658000,61.35745254,5.39,0.339174232
1588339800,48.71,50.45,46.29,47.93,48.29111111,21701291,15475531.25,0.947794896,940000,-127658000,64.00894743,1.08,0.223596258
1588599000,48.05,50.5,48,50.5,48.42888889,10460549,15153747.5,0.922848245,940000,-127658000,67.21799824,-1.19,0.223596258
1588685400,50.48,50.96,47.23,49.34,48.22222222,11160180,15169676.8,0.846926542,940000,-127658000,64.42576817,0.08,0.223596258
1588771800,48.45,49.25,47.5201,48.95,48.39,6692345,14999077.2,0.753197121,940000,-127658000,63.47114221,-2.25,0.223596258
1588858200,55.78,55.99,51.06,53.19,48.68888889,30942700,16340220,0.772206188,940000,-127658000,68.87144942,5.75,0.223596258
1588944600,53.06,59.88,52.15,59.25,49.93333333,24135545,17303909.6,0.927435711,940000,-127658000,74.64169228,8.75,0.223596258
1589203800,59.6,67.67,59.1401,66.9,52.04666667,34852044,18766317.65,1.228641271,940000,-127658000,79.74583708,18.85,0.223596258
1589290200,65.99,68.49,62.02,62.35,53.82222222,25934464,19656696,1.307701501,940000,-127658000,70.63873365,14.47,0.223596258
1589376600,63.8003,66.97,60.29,65.18,55.95444444,22125959,19978844.25,1.412293046,940000,-127658000,72.72512039,18.81,0.223596258
1589463000,64.79,65.39,61.44,64.56,57.80222222,12198249,19555220.8,1.441153932,940000,-127658000,71.52596981,18.57,0.223596258
1589549400,63.79,67.67,63.01,66.69,59.60111111,16341869,18758015.45,1.484678881,940000,-127658000,73.16313908,18.76,0.223596258
1589808600,86.14,87,75.66,80,63.00777778,81209374,21113360.8,1.840966905,940000,-127658000,80.65011167,29.5,0.223596258
1589895000,78.07,79.75,70.32,71.67,65.53222222,64932254,22377875.55,1.848009426,940000,-127658000,67.88560958,22.33,0.223596258
1589981400,70.01,74.48,67.41,73.47,67.78555556,53655278,24476117.5,1.857301887,940000,-127658000,69.02639217,24.52,0.223596258
1590067800,73.05,73.16,65.31,67.05,68.65222222,35317971,25484398.5,1.645066738,940000,-127658000,60.73899735,13.86,0.223596258
1590154200,69.93,70.6,67.14,69,68.88555556,28912678,26344409.55,1.490220667,940000,-127658000,62.22260521,9.75,0.223596258
1590499800,66.4,66.59,57.05,57.71,68.37,40332555,27673817.45,1.023565568,940000,-127658000,50.35762554,-9.19,0.223596258
1590586200,51.2,53.34,46.1301,52.18,66.92555556,59514749,29996194.55,0.477880053,940000,-127658000,45.75531201,-10.17,0.223596258
1590672600,53.5,59.11,53.35,55.54,65.92333333,32308594,31023525.95,0.120084736,940000,-127658000,48.81616592,-9.64,0.223596258
1590759000,57.45,61.65,56.56,61.5,65.34666667,38224872,32547676,-0.015721356,940000,-127658000,53.79643221,-3.06,0.223596258
1591018200,62.76,63.9,60.51,62.18,63.36666667,21257477,32525485.3,-0.11987467,940000,-127658000,54.34229211,-4.51,0.727812296
1591104600,58.7,59.95,55.3553,59.87,62.05555556,21701140,33087514.85,-0.278655598,940000,-127658000,52.09087937,-20.13,0.727812296
1591191000,57.51,63.37,57.1,59.89,60.54666667,20811530,33570082.35,-0.414130221,940000,-127658000,52.10937931,-11.78,0.727812296
1591277400,61.61,61.93,58.52,60.59,59.82888889,13503951,33910662.65,-0.510774405,940000,-127658000,52.79641585,-12.88,0.727812296
1591363800,58.49,59.19,56.63,58.19,58.62777778,14677935,33097424.4,-0.659435874,940000,-127658000,50.14049069,-8.86,0.727812296
1591623000,58.3,59.38,56.72,59.1,58.78222222,11249314,32453112.85,-0.756271007,940000,-127658000,51.14405146,-9.9,0.727812296
1591709400,58.55,59.405,57.73,58.23,59.45444444,7600166,31090518.95,-0.859217785,940000,-127658000,50.10569771,0.52,0.727812296
1591795800,58.8,60.72,58.6,60.07,59.95777778,11074361,30347513.8,-0.891602627,940000,-127658000,52.31092015,7.89,0.727812296
1591882200,62.95,66.6867,58.77,60.2,59.81333333,32085168,30845474.25,-0.914650268,940000,-127658000,52.4707554,4.66,0.727812296
1591968600,62.355,63.63,60.29,62,59.79333333,14742913,30972707.45,-0.88455906,940000,-127658000,54.73304772,0.5,0.727812296
1592227800,65.9,66.98,63.424,66.57,60.53777778,19339289,31122578.45,-0.738414887,940000,-127658000,59.94576987,4.39,0.727812296
1592314200,66.31,66.6,62.6,64.34,61.03222222,16537847,27889002.1,-0.688310368,940000,-127658000,56.52519771,4.47,0.727812296
1592400600,63.6,65.88,62.58,63.31,61.33444444,13615975,25323188.15,-0.680866367,940000,-127658000,54.96512625,3.42,0.727812296
1592487000,63.03,65.4,62.58,64.95,62.08555556,10914379,23186143.2,-0.634164424,940000,-127658000,57.00011048,4.36,0.727812296
1592573400,64.99,66.45,64.01,66.35,62.89111111,16076734,22224081.35,-0.564010015,940000,-127658000,58.7151407,8.16,0.727812296
1592832600,65.92,66.29,62.12,64.75,63.61555556,13586383,21457766.6,-0.557779387,940000,-127658000,55.96775909,5.65,0.727812296
1592919000,64.1,65.08,62.74,62.94,63.93444444,12361339,20059205.8,-0.606773013,940000,-127658000,52.94938492,4.71,0.727812296
1593005400,63.23,66.1559,63.14,64.84,64.45,14377115,17802324.1,-0.597230509,940000,-127658000,55.65308363,4.77,0.727812296
1593091800,67,67,58.51,62,64.45,26905664,17532177.6,-0.670475979,940000,-127658000,50.94103092,1.8,0.727812296
1593178200,60.71,62.29,59.14,61.28,63.86222222,13866283,16314248.15,-0.749208171,940000,-127658000,49.79006506,-0.72,0.727812296
1593437400,61.82,63,59.4,62.08,63.61111111,8074205,15655084.55,-0.78953029,940000,-127658000,51.11178981,-4.49,0.727812296
1593523800,62.18,65.159,61.8,64.21,63.71111111,11955169,15167786,-0.763107028,58751000,-41270000,54.54284656,-0.13,0.727812296
1593610200,63,63.73,59.12,61.59,63.33777778,17916470,15023033,-0.813583159,58751000,-41270000,49.90345773,-1.72,1.046791052
1593696600,60,61.8,55.8097,58.57,62.47333333,26544378,15675054.35,-0.933497167,58751000,-41270000,45.13749382,-6.38,1.046791052
1594042200,58.55,60.73,57.1,59.15,61.85111111,9977316,15440023.4,-1.007630713,58751000,-41270000,46.20018392,-7.2,1.046791052
1594128600,58.8,61.5,57.44,61.09,61.64555556,8904341,15322774.75,-1.007862946,58751000,-41270000,49.7091441,-3.66,1.046791052
1594215000,60.79,62.46,59.45,61.58,61.28333333,7590861,15322309.5,-0.989606491,58751000,-41270000,50.5857986,-1.36,1.046791052
1594301400,62.09,65.35,58.88,64.97,61.61333333,20646142,15800898.55,-0.878455156,58751000,-41270000,56.26580558,0.13,1.046791052
1594387800,64.65,64.93,62.32,62.61,61.76111111,7407545,14567017.4,-0.852292302,58751000,-41270000,51.80166563,0.61,1.046791052
1594647000,63.89,77.7499,63.8,71.78,62.83888889,56617291,16660736.3,-0.58017729,58751000,-41270000,63.81500597,10.5,1.046791052
1594733400,74,76.9486,70.6201,75.04,64.04222222,38708760,17629209.85,-0.281241018,58751000,-41270000,66.96718108,12.96,1.046791052
1594819800,87.52,88.37,78.01,80.22,66.11222222,90756071,21340121.05,0.085760883,58751000,-41270000,71.25246228,16.01,1.046791052
1594906200,80.1598,84.2899,79.6,81.81,68.69444444,27277409,22023192.75,0.402494816,58751000,-41270000,72.43455292,20.22,1.046791052
1594992600,83.35,95.21,82.61,94.85,72.66111111,103509162,26652931.9,0.984850441,58751000,-41270000,79.77848889,36.28,1.046791052
1595251800,87.86,90.85,78.05,82.68,75.06,78391296,29768660,1.08138255,58751000,-41270000,62.92821623,23.53,1.046791052
1595338200,80.91,82.43,79.07,80.86,77.20222222,26185580,30398619.85,1.078895454,58751000,-41270000,60.85805262,19.77,1.046791052
1595424600,79.61,84.12,79.11,83.225,79.23055556,27274018,31144253.8,1.112460895,58751000,-41270000,62.58071123,21.645,1.046791052
1595511000,82.05,82.68,72.2,75.33,80.64388889,29288088,31889802.45,0.895397424,58751000,-41270000,54.03178145,10.36,1.046791052
1595597400,69.05,73.9,66.54,73.21,80.80277778,27797477,31934393.1,0.64322991,58751000,-41270000,51.97843213,10.6,1.046791052
1595856600,80.63,80.98,76.16,79.91,81.34388889,44710713,33476614.6,0.606371136,58751000,-41270000,57.47825,8.13,1.046791052
1595943000,81,83.85,79.5,81.49,81.485,32946885,34720248.6,0.598496194,58751000,-41270000,58.68006756,6.45,1.046791052
1596029400,81.98,82.82,76.5502,79.51,81.22944444,24453924,35345186.35,0.516691131,58751000,-41270000,56.52404436,-0.71,1.046791052
1596115800,78,79.25,76.8,77.63,79.31611111,13101985,35104462.1,0.381330436,58751000,-41270000,54.47733571,-4.18,1.046791052
1596202200,78.2,78.44,73.6038,74.1,78.36277778,14223411,34488413.75,0.16177994,58751000,-41270000,50.7606845,-20.75,1.046791052
1596461400,74.98,77.99,73.03,77.98,78.04277778,13382327,34658664.3,0.080903785,58751000,-41270000,54.4399556,-4.7,1.324779984
1596547800,78.192,78.62,75.5,78.46,77.51333333,10126500,34719772.25,0.016954459,58751000,-41270000,54.88903803,-2.4,1.324779984
1596634200,77.49,77.49,73.69,75.8,77.56555556,19859902,35333224.3,-0.117812445,58751000,-41270000,51.83954138,-7.425,1.324779984
1596720600,75.79,76.25,73.12,73.76,77.62666667,11691503,34885492.35,-0.288569361,58751000,-41270000,49.5652152,-1.57,1.324779984
1596807000,74.38,75.39,73.01,74.1,76.98111111,8771437,34953686.95,-0.419998889,58751000,-41270000,49.95926284,0.89,1.324779984
1597066200,74.27,75,71.41,72.01,75.92777778,8678274,32556736.1,-0.584396043,58751000,-41270000,47.50237174,-7.9,1.324779984
1597152600,69.52,71.4,67,68.97,74.75666667,18118727,31527234.45,-0.797247875,58751000,-41270000,44.10480664,-12.52,1.324779984
1597239000,75.67,75.75,68.3,69.52,73.85555556,50471491,29513005.45,-0.946845242,58751000,-41270000,44.87303505,-9.99,1.324779984
1597325400,69.09,69.18,67.05,67.83,73.15888889,15055934,28901931.7,-1.105213672,58751000,-41270000,42.92097067,-9.8,1.324779984
1597411800,68.06,70.36,67.86,69.15,72.17777778,12799582,24366452.7,-1.185985746,58751000,-41270000,44.93585224,-4.95,1.324779984
1597671000,69.14,70.78,68.38,69.76,71.21111111,8749112,20884343.5,-1.224010153,58751000,-41270000,45.88649898,-8.22,1.324779984
1597757400,68.28,69.7,65.23,67.03,70.23666667,11329150,20141522,-1.318204452,58751000,-41270000,42.36164932,-11.43,1.324779984
1597843800,66.74,69.17,66.6,68,69.59666667,8558809,19205761.55,-1.353891325,58751000,-41270000,44.00745904,-7.8,1.324779984
1597930200,67.79,68,66.63,67.81,68.89777778,6346700,18058692.15,-1.37450086,58751000,-41270000,43.74397586,-5.95,1.324779984
1598016600,67.5,68.02,65.6,66.45,68.28,6935608,17015598.7,-1.414261025,58751000,-41270000,41.81414266,-7.65,1.324779984
1598275800,67.15,67.85,62.88,64.88,67.82555556,13143244,15437225.25,-1.473442165,58751000,-41270000,39.64003532,-7.13,1.324779984
1598362200,64.32,66.696,63.55,66.25,67.46222222,7798501,14179806.05,-1.466663294,58751000,-41270000,42.45189973,-2.72,1.324779984
1598448600,67.62,71.64,66.03,70.5,67.75888889,28768082,14395513.95,-1.33032113,58751000,-41270000,50.20204669,0.98,1.324779984
1598535000,69.98,70.32,67.01,68.03,67.63444444,9262562,14203542.8,-1.276999751,58751000,-41270000,46.29950128,0.2,1.324779984
1598621400,68.04,68.95,67.15,67.49,67.38222222,6383705,13811557.5,-1.236320083,58751000,-41270000,45.46733986,-1.66,1.324779984
1598880600,67.14,67.2,62.54,64.89,67.14444444,15271802,13906031.25,-1.261438789,58751000,-41270000,41.59122001,-4.87,1.324779984
1598967000,63.54,64.5,62.5,63.32,66.62444444,8200671,13809739.8,-1.308925791,58751000,-41270000,39.40659191,-3.71,1.409960551
1599053400,62.84,64.89,61.3805,64.72,66.28111111,9874614,13310475.4,-1.292175025,58751000,-41270000,42.31625287,-3.28,1.409960551
1599139800,65.65,69.35,64.3,64.84,66.10222222,14307317,13441266.1,-1.260013008,58751000,-41270000,42.57081135,-2.97,1.409960551
1599226200,64.99,65,59.01,62.6,65.84888889,11653287,13585358.6,-1.279841769,58751000,-41270000,39.10197167,-3.85,1.409960551
1599571800,57.75,58.6,54.21,54.34,64.52555556,17706208,14036755.3,-1.50221019,58751000,-41270000,29.54246064,-10.54,1.409960551
1599658200,56.03,57.19,54.51,56.9,63.01444444,9355441,13598591,-1.584879792,58751000,-41270000,34.85794764,-9.35,1.409960551
1599744600,57.0408,60.32,56.87,57.56,61.85111111,7985321,11474282.5,-1.608621582,58751000,-41270000,36.19442881,-12.94,1.409960551
1599831000,58.49,59.51,57.45,59.34,60.94555556,4821869,10962579.25,-1.555354148,58751000,-41270000,39.78268578,-8.69,1.409960551
1600090200,60.15,63.85,60.115,63.67,60.81,8930779,10769139.1,-1.373595303,58751000,-41270000,47.51504999,-3.82,1.409960551
1600176600,65.0274,68.41,64.2293,66.88,61.20555556,9101184,10786742.7,-1.124839312,58751000,-41270000,52.39530512,1.99,1.409960551
1600263000,67.64,70.04,66.73,68.84,61.66333333,11398006,10790185.5,-0.86151913,58751000,-41270000,55.13826542,5.52,1.409960551
1600349400,68.5,70.9,64.6,67.89,62.00222222,13275199,11026005,-0.669601654,58751000,-41270000,53.5283401,3.17,1.409960551
1600435800,68.28,70,66.1,69.87,62.81,13206193,11368979.65,-0.456686404,58751000,-41270000,56.38658225,5.03,1.409960551
1600695000,68.6,69.48,65.46,69.26,64.46777778,8223034,11433350.95,-0.300844667,58751000,-41270000,55.25896196,6.66,1.409960551
1600781400,67.5,69.19,66.67,68.72,65.78111111,6303612,11091369.35,-0.189833089,58751000,-41270000,54.22516183,14.38,1.409960551
1600867800,67.865,68.62,65.77,67.16,66.84777778,6919352,11047411.9,-0.142962145,58751000,-41270000,51.24265789,10.26,1.409960551
1600954200,65.5,66.77,63.64,65.17,67.49555556,5565191,9887267.35,-0.158237971,58751000,-41270000,47.64275953,7.61,1.409960551
1601040600,65.8865,69.73,65.67,69.47,68.14,9190629,9883670.7,-0.05122279,58751000,-41270000,54.99936253,10.13,1.409960551
1601299800,69.59,71.5,69.1,70.55,68.54777778,7337397,9931355.3,0.061884409,58751000,-41270000,56.64699287,6.88,1.409960551
1601386200,70.46,71.34,69.5851,70.52,68.73444444,6294318,9482481.1,0.147832303,58751000,-41270000,56.5850167,3.64,1.409960551
1601472600,72.51,75.39,70.16,70.75,69.05222222,15690706,9856982.85,0.218291412,149410000,873046000,56.97367984,1.91,1.409960551
1601559000,69.57,70.2,68.16,70.03,69.07,6838969,9705200.6,0.249799234,149410000,873046000,55.30457312,2.14,1.194699033
1601645400,67.9,72.77,67.25,68.81,69.02,8004919,9390080.7,0.236935499,149410000,873046000,52.49807208,-1.06,1.194699033
1601904600,69.64,72.02,69.05,71.95,69.37888889,6518121,9133322.4,0.307751425,149410000,873046000,58.35561071,2.69,1.194699033
1601991000,72,73.92,70.31,71.04,69.81,7285512,8612287.6,0.332674661,149410000,873046000,56.19297976,2.32,1.194699033
1602077400,71.23,73.24,70.959,72.37,70.61,4190611,8354046.1,0.382074243,149410000,873046000,58.60742401,5.21,1.194699033
1602163800,73.5,73.76,72.01,72.93,70.99444444,4023816,8155970.85,0.42870817,149410000,873046000,59.61666917,7.76,1.194699033
1602250200,73.42,73.67,72.39,73,71.26666667,4774015,8153578.15,0.459031297,149410000,873046000,59.7487829,3.53,1.194699033
1602509400,73.61,75.8514,72.92,75.31,71.79888889,7590764,8086577.4,0.536668583,149410000,873046000,63.94112395,4.76,1.194699033
1602595800,75.93,81.37,75.52,78.29,72.63666667,13669187,8314977.55,0.667737937,149410000,873046000,68.49926027,7.77,1.194699033
1602682200,80.01,80.01,76.3252,76.56,73.36222222,6643833,8077268.9,0.710468438,149410000,873046000,63.48228247,5.81,1.194699033
1602768600,75.48,76.49,73.7101,75.58,74.11444444,5014595,7664238.7,0.703971731,149410000,873046000,60.76715719,5.55,1.194699033
1602855000,76.06,76.93,73.665,73.94,74.33555556,4693584,7238608.25,0.641249855,149410000,873046000,56.41844275,5.13,1.194699033
1603114200,73.97,74.09,70.5,70.96,74.32666667,6931283,7174020.7,0.499393552,149410000,873046000,49.48816807,-0.99,1.194699033
1603200600,72.07,73.1,70.65,71.31,74.20888889,5441299,7130905.05,0.388337945,149410000,873046000,50.26096112,0.27,1.194699033
1603287000,71.57,71.5784,68.06,68.37,73.70222222,4614813,7015678.1,0.213808437,149410000,873046000,44.15055318,-4,1.194699033
1603373400,68.5035,72.53,68.4,70.84,73.46222222,5212065,6998021.8,0.139162175,149410000,873046000,49.68496534,-2.09,1.194699033
1603459800,72.3,72.3997,68.8,70.53,72.93111111,3735087,6725244.7,0.067983493,149410000,873046000,49.02829285,-2.47,1.194699033
1603719000,70.36,71.32,68.7,70.24,72.03666667,3872799,6552014.8,0.001163423,149410000,873046000,48.38405377,-5.07,1.194699033
1603805400,70.45,71.35,68.81,70.67,71.38222222,3812879,6427942.85,-0.041707342,149410000,873046000,49.44482338,-7.62,1.194699033
1603891800,68.95,69.47,65.4899,65.74,70.28888889,6043991,5945607.1,-0.210348737,149410000,873046000,39.43765136,-10.82,1.194699033
1603978200,68.35,74.539,66.23,71.28,69.99333333,13776433,6292480.3,-0.190472356,149410000,873046000,51.35272173,-4.3,1.194699033
1604064600,70.8,71.49,66.85,67.47,69.60555556,7085797,6246524.2,-0.277540825,149410000,873046000,44.82168697,-6.47,1.194699033
1604327400,68.02,68.6,66.55,67.11,69.13888889,4650268,6153131.55,-0.352768477,149410000,873046000,44.24904309,-3.85,1.138808244
1604413800,66.75,69.25,66.59,69.08,69.21777778,4366928,6007202.35,-0.354403013,149410000,873046000,48.15269445,-2.23,1.138808244
1604500200,68.97,71.55,68.9188,69.81,69.10333333,5442067,6069775.15,-0.332308482,149410000,873046000,49.56204012,1.44,1.138808244
1604586600,71.09,71.59,70.16,71.48,69.20888889,4449850,6091076.85,-0.266588996,149410000,873046000,52.72778273,0.64,1.138808244
1604673000,71.42,74.16,70.87,72.45,69.45444444,5841047,6144428.45,-0.186910915,149410000,873046000,54.51361022,1.92,1.138808244
1604932200,77.75,80.25,75.42,77.74,70.24,20266813,6778230.9,0.019308385,149410000,873046000,62.77319036,7.5,1.138808244
1605018600,80,80.38,73.52,76.05,71.38555556,10499395,6619741.3,0.131527526,149410000,873046000,59.08215228,5.38,1.138808244
1605105000,77.05,83.98,76.13,82.44,72.62555556,18576496,7216374.45,0.387595091,149410000,873046000,66.98648082,16.7,1.138808244
1605191400,85.18,87.93,83.83,87.81,74.88555556,21750394,8053164.4,0.723480168,149410000,873046000,71.89926795,16.53,1.138808244
1605277800,86.62,90.53,85.22,89.39,77.36111111,14176721,8527321.25,1.013089652,149410000,873046000,73.16461996,21.92,1.138808244
1605537000,100.31,103.2,93.3,97.95,80.56888889,70853055,11723409.85,1.450662752,149410000,873046000,78.74797662,30.84,1.138808244
1605623400,97.23,97.8,91.6,93.15,83.16222222,26171963,12759943.05,1.633960171,149410000,873046000,69.95818983,24.07,1.138808244
1605709800,93.87,94,88.6103,88.89,85.09666667,21823450,13620374.9,1.630916784,149410000,873046000,63.21434421,19.08,1.138808244
1605796200,90,94.65,89.5114,92.77,87.35444444,16002015,14159872.4,1.702987604,149410000,873046000,66.3920781,21.29,1.138808244
1605882600,95,98.43,94.82,97.61,89.56222222,15306303,14738433.2,1.857609939,149410000,873046000,69.88666754,25.16,1.138808244
1606141800,100.77,101.77,98.62,101.03,92.33777778,16359624,15362774.45,2.034756424,149410000,873046000,72.09470552,23.29,1.138808244
1606228200,98.4,99.89,93.54,98.56,94.12888889,12515336,15797897.3,2.066410316,149410000,873046000,68.20497678,22.51,1.138808244
1606314600,99.03,109.29,98.65,109.18,96.50333333,25850691,16788232.3,2.338159222,149410000,873046000,74.56032966,26.74,1.138808244
1606487400,115.12,130.06,114.86,127.03,100.6855556,43438495,18271335.4,2.986818343,149410000,873046000,81.31920304,39.22,1.138808244
1606746600,144,153.8699,141.05,152.74,106.7733333,73203064,21577198.75,4.129362261,149410000,873046000,86.77098857,63.35,1.138808244
1606833000,177.66,178.5,130.33,141.01,112.0911111,125552341,27622302.4,4.622173389,149410000,873046000,75.88911952,43.06,1.300139812
1606919400,138.63,149.7999,128.1,143,118.1033333,51217334,29964822.7,4.972287062,149410000,873046000,76.42918121,49.85,1.300139812
1607005800,143.5,159.11,143.0101,157.26,125.2688889,38656507,31625544.7,5.536325364,149410000,873046000,79.90303752,68.37,1.300139812
1607092200,157.59,157.82,148.51,152.52,131.37,27704832,32788293.8,5.741194371,149410000,873046000,75.89883713,59.75,1.300139812
1607351400,155.03,163.98,152.97,159.52,137.8688889,31409838,34066733.35,5.979640893,149410000,873046000,77.67790246,61.91,1.300139812
1607437800,165.75,170.51,164.3,169.86,145.7911111,27738717,34440328.55,6.328635752,149410000,873046000,80.02363043,68.83,1.300139812
1607524200,170.2,170.8,147.2,156.59,151.0588889,40951695,35962943.55,6.116616972,149410000,873046000,69.8751613,58.03,1.300139812
1607610600,151.13,159.5,148.0101,155.69,154.2433333,22059969,36137117.2,5.805101898,149410000,873046000,69.23386734,46.51,1.300139812
1607697000,159.7,163.75,155.89,156.93,154.7088889,22069857,36153090.35,5.477265836,149410000,873046000,69.64719739,29.9,1.300139812
1607956200,163.4,163.7611,152.5606,155.07,156.2711111,22467742,36567641.4,5.056242824,149410000,873046000,68.16781853,2.33,1.300139812
1608042600,157,157.28,142.46,147.22,156.74,36451258,34847551.55,4.405780256,149410000,873046000,62.166161,6.21,1.300139812
1608129000,137.75,141.334,134.31,137.03,154.4922222,28476275,34962767.15,3.52280276,149410000,873046000,55.35336965,-5.97,1.300139812
1608215400,137.92,146.97,137.3,144,153.5455556,32404457,35491817.5,2.936761959,149410000,873046000,58.68830438,-13.26,1.300139812
1608301800,141.51,145,135.06,140.23,151.4022222,33157833,36349608.4,2.299028112,149410000,873046000,56.24123245,-12.29,1.300139812
1608561000,140.84,147.26,137.79,138.3,147.8955556,23921047,36780345.6,1.680450525,149410000,873046000,54.97742699,-21.22,1.300139812
1608647400,139,141.4,123,125.88,144.4833333,36126942,37768711.5,0.802225289,149410000,873046000,47.5694076,-43.98,1.300139812
1608733800,120.05,132,115,130.34,141.6666667,41905043,39238196.85,0.193158563,149410000,873046000,50.16621375,-26.25,1.300139812
1608820200,125.94,129.7,122.7201,123.39,137.94,12720588,38581691.7,-0.505979991,149410000,873046000,46.31652708,-32.3,1.300139812
1609165800,120.04,122.88,111.05,111.4,133.0877778,31088166,37964175.25,-1.400009388,149410000,873046000,40.53708826,-45.53,1.300139812
1609252200,107.7957,116.25,106.88,114.39,129.44,23718799,35489962,-2.025005689,149410000,873046000,42.46513462,-40.68,1.300139812
1609338600,118.4,118.9408,108.8,111.13,126.5622222,23965535,30410621.7,-2.599485395,149410000,873046000,40.90770817,-36.09,1.300139812
1609425000,110.55,113.55,102.66,104.47,122.17,23369872,29018248.6,-3.216593601,555106000,1243613000,37.85334538,-32.56,1.300139812
1609770600,107.23,113.63,103.26,111.73,119.0033333,22439554,28207400.95,-3.478972498,555106000,1243613000,42.86164475,-32.27,1.3699954
1609857000,113.82,114.98,107.2,109.18,115.7677778,15450804,27594699.55,-3.725996545,555106000,1243613000,41.59373402,-31.05,1.3699954
1609943400,111.11,116.93,110.28,116.26,114.6988889,21590934,27103754.35,-3.695176823,555106000,1243613000,46.33996188,-22.04,1.3699954
1610029800,120.1,122.82,112.13,115.09,113.0044444,20614071,26747522.05,-3.671133167,555106000,1243613000,45.67935005,-10.79,1.3699954
1610116200,116.52,117.71,111.49,112.75,111.8222222,12376939,25318784.25,-3.683131738,555106000,1243613000,44.3185604,-17.59,1.3699954
1610375400,112.75,121.24,112.62,117.26,112.4733333,16650648,25048318.2,-3.536243446,555106000,1243613000,47.56099266,-6.13,1.3699954
1610461800,117.93,124.91,117.12,124.55,113.6022222,15300721,24709861.4,-3.191888173,555106000,1243613000,52.38733997,13.15,1.3699954
1610548200,123.7,127.58,120.74,124.06,115.0388889,14324644,24302706.5,-2.909230087,555106000,1243613000,52.04063511,9.67,1.3699954
1610634600,122.8,130.98,122.8,129.72,117.8444444,13346728,23147480,-2.511573793,555106000,1243613000,55.68862671,18.59,1.3699954
1610721000,129.6,133.29,126.58,129.65,119.8355556,15769535,22512143,-2.185258754,555106000,1243613000,55.63226639,25.18,1.3699954
1611066600,122.1,126.36,120.5,125.01,121.5944444,16528897,21718365,-2.042533691,555106000,1243613000,51.88388273,13.28,1.3699954
1611153000,124.51,126.0101,122.25,125.14,122.5811111,8001568,20460551.75,-1.914847346,555106000,1243613000,51.98150208,15.96,1.3699954
1611239400,125.28,137,125.25,132.98,124.5688889,20880838,20308541.3,-1.591556951,555106000,1243613000,57.57205457,16.72,1.3699954
1611325800,132.5,135.87,128.9,131.02,126.5988889,10067191,19005553.75,-1.38629837,555106000,1243613000,55.82229437,15.93,1.3699954
1611585000,138.4,147.4299,137.25,147,129.9033333,26970870,18258845.1,-0.789957304,555106000,1243613000,65.12799557,34.25,1.3699954
1611671400,145.15,154.55,145,151.93,132.9455556,16964726,18471052,-0.19838534,555106000,1243613000,67.40886419,34.67,1.3699954
1611757800,151.2,164.55,149,155.73,136.4644444,20262915,17929789.45,0.349423041,555106000,1243613000,69.08721541,31.18,1.3699954
1611844200,154.105,168,153.62,159.55,139.7788889,16497369,17568717.95,0.854832291,555106000,1243613000,70.71960826,35.49,1.3699954
1611930600,174.99,185.98,166.2001,173.16,144.6133333,39687298,18354806.1,1.583842592,555106000,1243613000,75.65267749,43.44,1.3699954
1612189800,173.03,174.5,154.3,157.48,148.2211111,22056533,18289139.15,1.681400273,555106000,1243613000,62.57292811,27.83,1.675656044
1612276200,158.52,159.054,147.1,158.58,151.9366667,14923862,17913354.55,1.740673157,555106000,1243613000,63.05549364,33.57,1.675656044
1612362600,156.6,168.39,156.4,165.86,155.59,11355915,17708610.1,1.935925608,555106000,1243613000,66.16479382,40.72,1.675656044
1612449000,166.42,173.73,164.25,173.31,160.2888889,10618280,17159977.4,2.237538022,555106000,1243613000,69.03669608,40.33,1.675656044
1612535400,170.99,177.5,170.26,176.24,163.5377778,8990045,16578776.1,2.493753323,555106000,1243613000,70.11119363,45.22,1.675656044
1612794600,177,189.26,176.81,185.98,167.3211111,12940157,16606937,2.894038204,555106000,1243613000,73.41402734,38.98,1.675656044
1612881000,186.21,187,177.27,179.52,169.9644444,8403123,16194560.75,2.960258078,555106000,1243613000,68.04343015,27.59,1.675656044
1612967400,182.74,185.22,176.37,179.34,172.1633333,7067541,15782901.75,2.934970967,555106000,1243613000,67.89439041,23.61,1.675656044
1613053800,178.29,184.22,176.2,183.44,173.3055556,5464092,15339874.15,2.953864315,555106000,1243613000,69.53144724,23.89,1.675656044
1613140200,184.89,185,177.58,183.74,176.2233333,5705535,14957814.5,2.902881938,555106000,1243613000,69.65337856,10.58,1.675656044
1613485800,182.41,184.18,173.5088,178.53,178.44,6917541,14515214.8,2.648327974,555106000,1243613000,64.80316554,21.05,1.675656044
1613572200,174.28,178.01,171.62,176.76,179.6511111,6554586,14016499.25,2.332005736,555106000,1243613000,63.19322668,18.18,1.675656044
1613658600,171.5929,175.47,168,169.57,179.2355556,5124102,13872625.95,1.825322274,555106000,1243613000,56.99856759,3.71,1.675656044
1613745000,173.54,179.3,170.53,174.74,179.0688889,6413592,13149263.65,1.51290762,555106000,1243613000,60.03246298,1.43,1.675656044
1614004200,167.8,170.35,158.58,159.37,176.1122222,11152702,13203539.2,0.799918728,555106000,1243613000,48.97074881,-16.87,1.675656044
1614090600,151.25,153,136,150.17,172.8511111,15509168,12630454.1,-0.045872894,555106000,1243613000,43.77165257,-35.81,1.675656044
1614177000,150.41,151,143.47,144.79,169.0122222,9757204,12270078,-0.877724814,555106000,1243613000,41.02846495,-34.73,1.675656044
1614263400,150.78,160.98,145.86,148.38,165.1166667,15172131,12015538.8,-1.442247075,555106000,1243613000,43.56985089,-30.96,1.675656044
1614349800,157.98,159.6,150.88,154.81,161.9022222,13445239,11862932.3,-1.712726026,555106000,1243613000,47.90059167,-28.63,1.675656044
1614609000,154.4631,157.7799,145.2501,157.4,159.5544444,15351555,10646145.15,-1.853869507,555106000,1243613000,49.57914323,-26.34,2.637321746
1614695400,153.5,154.4713,146.44,146.81,156.2266667,8630604,9974848.7,-2.248396178,555106000,1243613000,43.41935051,-31.72,2.637321746
1614781800,146.09,147.32,131,131.22,151.9655556,13683455,9912828.35,-2.967844183,555106000,1243613000,36.27435971,-45.54,2.637321746
1614868200,128.7,135.47,126.69,132.3,147.25,10929537,9891509.45,-3.4757528,555106000,1243613000,37.0472105,-37.27,2.637321746
1614954600,133.0732,134.27,121.12,132.19,144.23,12039641,9962577.5,-3.842219014,555106000,1243613000,36.99799371,-42.55,2.637321746
1615213800,129.15,133.55,122.48,123.47,141.2633333,6839340,9855042.25,-4.324652104,555106000,1243613000,33.22932686,-35.9,2.637321746
1615300200,127.11,132.3,125.6,130.87,139.7166667,7834221,9599745.45,-4.451543262,555106000,1243613000,38.91574478,-19.3,2.637321746
1615386600,133.62,135.715,128.7932,129.75,137.6466667,5555909,9457384.75,-4.5293825,555106000,1243613000,38.3829471,-15.04,2.637321746
1615473000,132.9818,140.85,131.48,140.47,136.0533333,8140123,9511013.85,-4.245849817,555106000,1243613000,46.00315482,-7.91,2.637321746
1615559400,134.04,138.7424,133.2,136.99,133.7855556,4923074,9483962.95,-4.069165478,555106000,1243613000,44.09663855,-17.82,2.637321746
1615815000,136.77,143.85,135.01,143.66,133.4355556,7361627,9566767.55,-3.702165175,555106000,1243613000,48.50193447,-13.74,2.637321746
1615901400,148.5,157.75,145.84,156.02,136.1911111,16991621,10070471.55,-3.038027624,555106000,1243613000,55.49995114,9.21,2.637321746
1615987800,150.25,152.0831,143.2501,147.55,137.8855556,12894891,10387486.8,-2.716619245,555106000,1243613000,50.44145646,16.33,2.637321746
1616074200,144.45,147.61,140.86,141.46,138.9155556,7144867,10488525.05,-2.601149095,555106000,1243613000,47.11625454,9.16,2.637321746
1616160600,143.06,145.18,138.53,143.74,141.1677778,6933748,10514532.85,-2.419999741,555106000,1243613000,48.4854411,11.55,2.637321746
1616419800,144.19,147.9199,141.85,145.6,142.8044444,6050730,10259434.25,-2.201304697,555106000,1243613000,49.63112666,22.13,2.637321746
1616506200,145.61,146.19,136.38,136.52,143.5566667,6961240,9832037.85,-2.252321156,555106000,1243613000,44.43565878,5.65,2.637321746
1616592600,137.25,137.74,131.01,131.61,142.5722222,5864615,9637408.4,-2.398285738,555106000,1243613000,41.88246881,1.86,2.637321746
1616679000,127.33,134.31,126.42,133.33,142.1655556,5696322,9163617.95,-2.435339507,555106000,1243613000,43.11550841,-7.14,2.637321746
1616765400,133.38,135.6,128.02,133.28,141.0122222,4047117,8693711.85,-2.434293116,555106000,1243613000,43.08689028,-3.71,2.637321746
1617024600,130.11,131.3,121.9,123.42,137.39,10814820,8466875.1,-2.668350779,555106000,1243613000,37.76367969,-20.24,2.637321746
1617111000,123.15,123.5977,117.3411,118.49,134.1611111,11061638,8588426.8,-2.946817959,555106000,1243613000,35.40816099,-37.53,2.637321746
1617197400,121.1,131.8,119.328,130.95,132.9933333,10015691,8405038.6,-2.783578369,1729000000,2938000000,44.78257643,-16.6,2.637321746
1617283800,132.2,136.6372,130.34,132.55,131.75,7269665,8222045,-2.572978276,1729000000,2938000000,45.8690001,-8.91,4.153135149
1617629400,132.6,133.1925,127.04,129.91,130.0066667,5218269,7880976.4,-2.442869143,1729000000,2938000000,44.3195174,-13.83,4.153135149
1617715800,130.11,138.2494,128.16,133.53,129.6744444,7438195,7910919.15,-2.20707735,1729000000,2938000000,46.96508384,-12.07,4.153135149
1617802200,132.37,135.16,130.21,131.47,129.6588889,4380038,7738210,-2.046000485,1729000000,2938000000,45.63625509,-5.05,4.153135149
1617888600,132.85,135.9,132.06,133.88,129.72,4530017,7686915.4,-1.823841186,1729000000,2938000000,47.50747938,2.27,4.153135149
1617975000,133.51,144,133.34,140.92,130.5688889,9918176,7775818.05,-1.431892076,1729000000,2938000000,52.63613899,7.59,4.153135149
1618234200,142.37,143.49,136.36,139.4,132.3444444,6060181,7832673.4,-1.145619935,1729000000,2938000000,51.4669348,6.12,4.153135149
1618320600,146.8,152.11,145.35,149.71,135.8133333,13729029,8151043.5,-0.625434617,1729000000,2938000000,58.24243371,26.29,4.153135149
1618407000,153.66,160.92,152.49,160.03,139.0444444,15389838,8070954.35,0.068466353,1729000000,2938000000,63.70455565,41.54,4.153135149
1618493400,159,163.58,155.23,159.87,142.08,10340444,7943232,0.602379683,1729000000,2938000000,63.56572857,28.92,4.153135149
1618579800,158.68,171.92,158.21,170.81,146.6244444,19044899,8538233.6,1.303676507,1729000000,2938000000,68.60378509,38.26,4.153135149
1618839000,166.61,168.1958,159.6,161.91,149.7777778,10006646,8691878.5,1.586186088,1729000000,2938000000,61.19074947,32,4.153135149
1618925400,160.32,162.73,153.27,156.78,152.59,7154386,8747061.3,1.640458259,1729000000,2938000000,57.34438072,23.25,4.153135149
1619011800,158.6,170.11,157.6901,169.5,156.5477778,11352741,8966636.35,1.99919407,1729000000,2938000000,63.47506591,38.03,4.153135149
1619098200,168.26,179,164.62,168.1,159.5677778,15922383,9469524.75,2.205680057,1729000000,2938000000,62.41184047,34.22,4.153135149
1619184600,170.3046,175.51,168.35,173.63,163.3711111,8855331,9627475.2,2.477420336,1729000000,2938000000,64.91197245,32.71,4.153135149
1619443800,171.79,179.6,168.88,177.61,166.4711111,12201731,10035205.9,2.752631026,1729000000,2938000000,66.63218558,38.21,4.153135149
1619530200,178.3604,185.5299,178.18,183.41,169.0688889,12925677,10140748.75,3.074400138,1729000000,2938000000,69.01609149,33.7,4.153135149
1619616600,182.37,182.89,176.12,178.68,171.1588889,8375405,10006437.1,3.141058817,1729000000,2938000000,64.9413462,18.65,4.153135149
1619703000,183.3265,186.8,174.76,175.67,171.6988889,8362706,9923787.85,3.054025137,1729000000,2938000000,62.41591531,15.8,4.153135149
1619789400,175.59,184,174.52,178.82,173.5777778,9495237,10035066.45,3.01472676,1729000000,2938000000,63.99395653,8.01,4.153135149
1620048600,183.9,189,182.2101,186.02,176.8266667,14631036,10505704.8,3.121696474,1729000000,2938000000,67.36669068,24.11,4.926506787
1620135000,185.3347,188.49,171.63,173.59,177.2811111,16924196,10980004.85,2.808126556,1729000000,2938000000,57.37473074,16.81,4.926506787
1620221400,178.1,180.7,156.81,162.84,176.6966667,18914247,11706715.3,2.217585181,1729000000,2938000000,50.4108474,-6.66,4.926506787
1620307800,148,163.47,143.56,160.5,175.2377778,29662344,12963331.65,1.648371702,1729000000,2938000000,49.01620587,-7.6,4.926506787
1620394200,165.78,169.0196,160.8161,163.15,173.6311111,11952612,13065053.45,1.23938859,1729000000,2938000000,50.68028456,-10.48,4.926506787
1620653400,164.01,164.7599,155.71,158.55,170.8688889,8809685,13202528.65,0.764758565,1729000000,2938000000,47.76584019,-19.06,4.926506787
1620739800,151.31,161.99,150.06,158.99,168.6811111,8087399,12920447.15,0.382961283,1729000000,2938000000,48.07343982,-24.42,4.926506787
1620826200,154.11,158.91,151.15,152.68,166.1266667,5720784,12436994.45,-0.103422256,1729000000,2938000000,44.06575317,-26,4.926506787
1620912600,152.6,155.62,146.85,149.87,162.91,5765024,12208223.45,-0.568397707,1729000000,2938000000,42.37170355,-25.8,4.926506787
1620999000,150.85,162.46,150.4,161.38,160.1722222,6512867,11581621.85,-0.621470133,1729000000,2938000000,50.72742374,-17.44,4.926506787
1621258200,159,163.37,156.7235,160.43,158.71,4231645,11292871.8,-0.690888222,1729000000,2938000000,50.08197388,-25.59,4.926506787
1621344600,160.16,165.75,157.9,159.53,158.3422222,4811395,11175722.25,-0.770284758,1729000000,2938000000,49.44016868,-14.06,4.926506787
1621431000,155.74,160.07,154.51,157.99,158.0633333,3943745,10805272.45,-0.873202714,1729000000,2938000000,48.29958259,-4.85,4.926506787
1621517400,159.92,166.81,158.89,165.97,158.3766667,4826341,10250470.35,-0.734754628,1729000000,2938000000,54.19636285,5.47,4.926506787
1621603800,168.93,169.28,161.35,161.45,158.6988889,5169131,10066160.35,-0.749198803,1729000000,2938000000,50.67102449,-1.7,4.926506787
1621863000,162.8813,166.8,161.01,164.17,159.2744444,4501276,9681137.6,-0.685907024,1729000000,2938000000,52.66635907,5.62,4.926506787
1621949400,166.56,171.74,165.1001,169.26,161.1166667,7759917,9422849.6,-0.498894835,1729000000,2938000000,56.23402213,10.27,4.926506787
1622035800,168.7,175.62,168.51,175.59,163.9744444,6885242,9348341.45,-0.185103133,1729000000,2938000000,60.24689656,22.91,4.926506787
1622122200,174.2,180,173.63,179.54,165.9922222,10844891,9472450.7,0.157710923,1729000000,2938000000,62.55417699,29.67,4.926506787
1622208600,178.6233,186.64,178.36,185.01,168.7233333,8567185,9426048.1,0.558613058,1729000000,2938000000,65.53718871,23.63,4.926506787
1622554200,184.08,185.2791,178.8,184.66,171.5155556,6010881,8995040.35,0.840432572,1729000000,2938000000,65.17939942,24.23,5.324507739
1622640600,183.9,194.5,183.28,191.6,175.25,10142521,8655956.6,1.222260835,1729000000,2938000000,68.8148892,32.07,5.324507739
1622727000,188.89,200,188.6331,195.22,178.5,9270151,8173751.8,1.585297443,1729000000,2938000000,70.54253919,37.23,5.324507739
1622813400,197.9,207.38,197.33,206.07,183.4577778,11103272,7245798.2,2.12302061,1729000000,2938000000,75.01104579,40.1,5.324507739
1623072600,207.1026,227.71,206.42,219.57,189.6133333,19034363,7599885.75,2.858689857,1729000000,2938000000,79.23232184,58.12,5.324507739
1623159000,220.1,222.3449,202.5,213,194.4733333,11857625,7752282.75,3.1919828,1729000000,2938000000,72.78807468,48.83,5.324507739
1623245400,212.3,221.5,212.01,217.44,199.1233333,8016465,7748736.05,3.504359714,1729000000,2938000000,74.30881885,48.18,5.324507739
1623331800,216.62,221.88,207.7,217,203.2855556,11763149,8050854.3,3.662159446,1729000000,2938000000,73.86825474,41.41,5.324507739
1623418200,211.9,218.9,211.8,218.85,207.0455556,5576026,8041404.4,3.758101668,1729000000,2938000000,74.55143574,39.31,5.324507739
1623677400,213.2727,213.4899,198,207.41,209.5733333,11743700,8302946.05,3.443459347,1729000000,2938000000,63.49650196,22.4,5.324507739
1623763800,203.49,207.85,199.2,201.59,210.6833333,6786260,8430676.8,2.966010927,1729000000,2938000000,58.72551112,16.93,5.324507739
1623850200,200,203.98,193.2016,197.84,210.9744444,7264747,8553344.4,2.424852715,1729000000,2938000000,55.81542409,6.24,5.324507739
1623936600,200,203.9223,197.72,202.47,210.5744444,4955160,8603915.15,2.068928207,1729000000,2938000000,58.54674197,7.25,5.324507739
1624023000,201.3928,204.84,194.51,199.19,208.31,6663813,8695788.75,1.647763231,1729000000,2938000000,55.90999447,-6.88,5.324507739
1624282200,200.86,211.04,200,208.24,207.7811111,7423063,8808485.35,1.515886551,1729000000,2938000000,61.11379659,-11.33,5.324507739
1624368600,210.76,222.4048,210.2501,221.36,208.2166667,10066344,9086738.75,1.720386398,1729000000,2938000000,67.16436268,8.36,5.324507739
1624455000,219.98,224.57,205.55,212.04,207.6655556,14558440,9426664.9,1.574813772,1729000000,2938000000,60.02000405,-5.4,5.324507739
1624541400,214.38,221.49,213.46,220.14,207.8088889,8171884,9490997,1.630715326,1729000000,2938000000,63.63995398,3.14,5.324507739
1624627800,221.26,226.51,216.33,219.94,209.2011111,13315616,9614533.25,1.616937771,1729000000,2938000000,63.48710062,1.09,5.324507739
1624887000,223,225.0914,215.6,222.94,211.5733333,6190647,9495706.35,1.635329553,1729000000,2938000000,64.85085399,15.53,5.324507739
1624973400,221.19,238.4,219.33,234.46,215.6422222,11417039,9766014.25,1.908434798,1729000000,2938000000,69.55350476,32.87,5.324507739
1625059800,237.98,245.7,232.41,234.98,219.2544444,9319109,9724843.65,2.076520008,3535000000,4023000000,69.75024148,37.14,5.324507739
1625146200,236.3,236.71,227.67,235.11,223.2455556,5933146,9557993.4,2.149074378,3535000000,4023000000,69.8027754,32.64,5.282594237
1625232600,235.1,238.9,230.14,234.3,226.1411111,4200450,9212852.3,2.120095875,3535000000,4023000000,68.99872124,35.11,5.282594237
1625578200,229.62,234.6,225.43,233.34,227.4722222,4956460,8508957.15,2.00795447,3535000000,4023000000,67.99898385,25.1,5.282594237
1625664600,231.76,231.86,220.8201,221.9,228.5677778,4889299,8160540.85,1.548705445,3535000000,4023000000,57.33738683,0.54,5.282594237
1625751000,215.66,233.41,214.07,232.79,229.9733333,8719363,8195685.75,1.431195632,3535000000,4023000000,63.24512605,20.75,5.282594237
1625837400,231.965,233.7999,224.28,232.81,231.4033333,5305101,7872783.35,1.286223563,3535000000,4023000000,63.25518973,12.67,5.282594237
1626096600,230.98,242.389,229.2,239.34,233.2255556,6938180,7940891.05,1.298019136,3535000000,4023000000,66.48209671,19.4,5.282594237
1626183000,239.14,239.8195,233.801,235.15,233.3022222,4186383,7563025.2,1.140751402,3535000000,4023000000,62.67849923,12.21,5.282594237
1626269400,237.245,249.92,237.22,246.66,234.6,9420397,7694732.05,1.279288279,3535000000,4023000000,68.08089645,12.2,5.282594237
1626355800,246.66,261.22,245.505,259.675,237.3294444,15130782,8088033.8,1.685556596,3535000000,4023000000,72.86415912,24.695,5.282594237
1626442200,276.92,288.88,271.5,286.43,243.1216667,41397251,9910138.35,2.664447087,3535000000,4023000000,79.62401718,51.32,5.282594237
1626701400,284.54,317.8796,283.14,313.59,252.0383333,35526769,11353286.15,4.082191046,3535000000,4023000000,83.98536585,79.29,5.282594237
1626787800,318.22,342.51,292,307.33,261.5305556,123115470,17137906.5,4.911853358,3535000000,4023000000,79.74841382,73.99,5.282594237
1626874200,298.51,325.88,293.62,321.11,271.3438889,30859285,18177553.55,5.812206681,3535000000,4023000000,81.91167007,99.21,5.282594237
1626960600,319,329.6,316.29,323.48,281.4183333,16491283,18274195.7,6.442083781,3535000000,4023000000,82.26260181,90.69,5.282594237
1627047000,330.9,349.45,325.17,348.83,293.5838889,23431397,19037171.35,7.471521679,3535000000,4023000000,85.50250144,116.02,5.282594237
1627306200,352,362,329.15,335.87,304.775,23387796,19540780.35,7.755107257,3535000000,4023000000,77.68953624,96.53,5.282594237
1627392600,335.3088,344.889,318.29,328.5,313.8683333,17196688,20091082.4,7.603608165,3535000000,4023000000,73.57236477,93.35,5.282594237
1627479000,333.01,350.99,327.5,349.32,323.8288889,13091567,20174808.8,7.877077111,3535000000,4023000000,77.24160377,102.66,5.282594237
1627565400,350.64,351.2199,336,345.64,330.4077778,10100729,20213889.8,7.810255698,3535000000,4023000000,75.25279909,85.965,5.282594237
1627651800,346.9,359.9,342.28,353.6,334.8533333,11345689,20484516.95,7.792629592,3535000000,4023000000,76.65309585,67.17,5.282594237
1627911000,360,365.6,343.2,346.61,339.2177778,13685923,20958790.6,7.406149055,3535000000,4023000000,72.75965636,33.02,5.202476966
1627997400,348.5004,386.98,344.5,386.51,346.4844444,20424075,21732171.35,8.00604971,3535000000,4023000000,79.24129017,79.18,5.202476966
1628083800,385,433,377.11,419.05,357.1033333,32251618,23100287.3,9.160162391,3535000000,4023000000,82.82954343,97.94,5.202476966
1628170200,409.72,443.99,403,416.26,364.5955556,25571509,23942894.6,9.766559534,3535000000,4023000000,81.52828848,92.78,5.202476966
1628256600,410.3,419.26,393.61,413.72,373.2455556,18924646,24623871.85,9.9412773,3535000000,4023000000,80.29159686,64.89,5.202476966
1628515800,411.3014,493.7565,409.66,484.47,390.5755556,42269876,26390456.65,11.75819599,3535000000,4023000000,86.45489211,148.6,5.202476966
1628602200,485.5,497.49,454,456.76,402.5133333,36503719,28006323.45,12.151911,3535000000,4023000000,76.38009119,128.26,5.202476966
1628688600,443.57,453.73,372,385.33,406.9233333,53882157,30229411.45,10.24670057,3535000000,4023000000,57.71063849,36.01,5.202476966
1628775000,400,406.3499,377.09,391.42,411.1255556,34345049,31190124.8,8.68181459,3535000000,4023000000,58.63888846,45.78,5.202476966
1628861400,405.24,406.32,387.1,389.78,415.9222222,16533667,29946945.6,7.194192157,3535000000,4023000000,58.26797298,36.18,5.202476966
1629120600,379.27,379.57,349,373.86,414.5166667,23602814,29350747.85,5.401569368,3535000000,4023000000,54.65392051,27.25,5.202476966
1629207000,361,402.49,358.5501,401.86,412.6066667,25982136,24494081.15,4.587906098,3535000000,4023000000,59.42112908,15.35,5.202476966
1629293400,406.5,413.3,386.21,398.8,410.6666667,19121805,23907207.15,3.705229333,3535000000,4023000000,58.69490129,-20.25,5.202476966
1629379800,385,394.9199,375,375.53,406.4233333,14254720,23795379,2.234925733,3535000000,4023000000,53.35462558,-40.73,5.202476966
1629466200,374.5475,387.4899,369.26,382.98,395.1466667,13216681,23284643.2,1.162767679,3535000000,4023000000,54.77336347,-30.74,5.202476966
1629725400,390.34,411.97,385.7716,411.89,390.1611111,15796513,22905079.05,0.997475125,3535000000,4023000000,59.87370384,-72.58,5.202476966
1629811800,405.69,407.5796,387.56,394.94,391.2288889,13957508,22743120.05,0.297403491,3535000000,4023000000,55.893781,-61.82,5.202476966
1629898200,391.7,413.8,387.97,397.87,391.9455556,14427609,22809922.15,-0.268637038,3535000000,4023000000,56.43289404,12.54,5.202476966
1629984600,395.45,404.67,392.1525,400.3,393.1144444,8904421,22750106.75,-0.734915824,3535000000,4023000000,56.90337989,8.88,5.202476966
1630071000,398.825,398.98,378.72,382.22,394.0433333,13188484,22842246.5,-1.671074029,3535000000,4023000000,52.37167954,-7.56,5.202476966
1630330200,369,389.04,362.8001,370.69,390.58,15529765,22934438.6,-2.779103501,3535000000,4023000000,49.65581087,-3.17,5.202476966
1630416600,375.91,384.68,370.5,376.69,388.1233333,10922476,22459358.65,-3.527277311,3535000000,4023000000,51.07757281,-25.17,5.202476966
1630503000,382.837,394.98,375.2,389.94,389.7244444,11617304,21427642.95,-3.786519651,3535000000,4023000000,54.15653451,-8.86,5.377303007
1630589400,393.13,402.8,390.515,397.66,391.3555556,8909996,20594567.3,-3.810308832,3535000000,4023000000,55.89809956,22.13,5.377303007
1630675800,392.71,416.81,388.68,416.7,391.89,13859922,20341331.1,-3.343191093,3535000000,4023000000,59.94018532,33.72,5.377303007
1631021400,409.5,438.55,408.96,436.39,396.4955556,15995088,19027591.7,-2.483694153,3535000000,4023000000,63.65049512,24.5,5.377303007
1631107800,433.72,437.17,418.2,422.9,399.2766667,11477788,17776295.15,-2.230582084,3535000000,4023000000,59.57907507,27.96,5.377303007
1631194200,429.93,459.42,427.09,455.92,405.4566667,22189564,16191665.5,-1.192779866,3535000000,4023000000,65.41122993,58.05,5.377303007
1631280600,463.1565,464.85,448.11,449.38,412.9188889,12604792,15104652.65,-0.632757819,3535000000,4023000000,63.45825666,49.08,5.377303007
1631539800,448,448.8099,415,419.72,418.3666667,15664748,15061206.7,-1.078282898,3535000000,4023000000,55.38231501,37.5,5.377303007
1631626200,419.27,443.76,418.6331,427.71,424.0355556,14736540,14617893,-1.277975727,3535000000,4023000000,56.97096053,57.02,5.377303007
1631712600,427.455,437.8,422.16,434.46,428.9822222,12893644,13963468.4,-1.316688611,3535000000,4023000000,58.32109778,57.77,5.377303007
1631799000,431.21,446.6399,429,440.65,433.7588889,10107389,13512747.6,-1.244484267,3535000000,4023000000,59.57380811,50.71,5.377303007
1631885400,438.53,442,406.8704,430.05,435.2422222,30536393,14326831.25,-1.541325025,3535000000,4023000000,56.44513081,32.39,5.377303007
1632144600,417.5073,435.4499,416.511,423.33,433.7911111,12929376,14312466,-2.014370556,3535000000,4023000000,54.4913273,6.63,5.377303007
1632231000,424.3,439.59,420.3,434.04,435.0288889,9355333,13990407,-2.144142772,3535000000,4023000000,57.0433786,-2.35,5.377303007
1632317400,433.09,443.73,428.6,440.72,433.34,9003453,13742704.25,-2.113618131,3535000000,4023000000,58.60271136,17.82,5.377303007
1632403800,439.7851,458.5,438.79,454.6,433.92,9620341,13502340.85,-1.763517355,3535000000,4023000000,61.71271532,-1.32,5.377303007
1632490200,448.08,453.61,426.61,430.14,435.0777778,12984587,13706349.15,-2.20801892,3535000000,4023000000,54.01200148,-19.24,5.377303007
1632749400,430.6008,434,407.255,408.84,432.9811111,13348196,13714334.75,-3.176021579,3535000000,4023000000,48.35360911,-10.88,5.377303007
1632835800,398.56,403.2957,376.03,384.21,427.3977778,15935985,13734645.75,-4.623903135,3535000000,4023000000,42.77345025,-43.5,5.377303007
1632922200,393.21,397.98,375.5543,378.9,420.5366667,11416664,13759355.15,-5.896509434,3535000000,4023000000,41.6572977,-55.56,5.377303007
1633008600,381.82,390.6,377.1001,384.86,415.5155556,9611512,13659065.55,-6.705413109,4177000000,3177000000,43.44125899,-55.79,5.377303007
1633095000,358.33,359.115,323.41,341.09,406.3777778,34351288,14931130.15,-8.484875182,4177000000,3177000000,34.98158951,-88.96,NaN
1633354200,308.88,330.555,305,325.84,394.3555556,23331461,15404707.1,-10.21435447,4177000000,3177000000,32.59959285,-97.49,NaN
1633440600,331,338.0328,327.2001,332.11,382.2877778,11637491,15186827.25,-11.29112056,4177000000,3177000000,34.57222515,-101.93,NaN
1633527000,318.71,325.68,300.62,302.42,365.3788889,17457365,15485806.1,-12.8130801,4177000000,3177000000,30.08245385,-138.3,NaN
1633613400,295.46,317.3499,293.58,309.36,351.9588889,15790955,15165875.65,-13.66028859,4177000000,3177000000,32.29578576,-145.24,NaN
1633699800,310.8,314.05,297.5404,304.91,340.4111111,10631839,15067228,-14.27345662,4177000000,3177000000,31.60490969,-125.23,NaN
1633959000,299.32,314.11,298.1,305.1,331.6211111,7625781,14665279.65,-14.56447309,4177000000,3177000000,31.67211917,-103.74,NaN
1634045400,313.0346,315.94,301.9101,311.13,324.0911111,10193213,14438113.3,-14.43754252,4177000000,3177000000,33.89238745,-73.08,NaN
1634131800,314.9,327.74,313.3,321.5,317.0511111,12770612,14431961.7,-13.86567107,4177000000,3177000000,37.64492818,-57.4,NaN
1634218200,329,337.36,322.1,331.88,316.0277778,12851338,14569159.15,-12.95247166,4177000000,3177000000,41.24040128,-52.98,NaN
1634304600,341.01,341.5494,318.5,324.21,315.8466667,17239834,13904331.2,-12.2730254,4177000000,3177000000,39.43112009,-16.88,NaN
1634563800,322.26,338.54,320.5371,334.84,316.15,8753671,13695545.95,-11.28647806,4177000000,3177000000,43.15340994,9,NaN
1634650200,339.105,347.87,331.0101,333.61,319.6155556,8561130,13655835.8,-10.39448408,4177000000,3177000000,42.82545127,1.5,NaN
1634736600,334.01,338.6,329.36,333.01,322.2433333,4983222,13454824.25,-9.569640187,4177000000,3177000000,42.65515452,30.59,NaN
1634823000,337.21,341.52,333.4001,339.57,326.0944444,5597599,13253687.15,-8.613132825,4177000000,3177000000,45.22001407,30.21,NaN
1634909400,332.539,335.75,317.18,326.54,328.4766667,7780241,12993469.85,-8.097057813,4177000000,3177000000,41.27140852,21.63,NaN
1635168600,327.36,350.06,323.27,349.56,332.7466667,9772171,12814668.6,-6.952753913,4177000000,3177000000,49.63821559,44.46,NaN
1635255000,352,356.77,341.37,345.74,335.44,6673474,12351543.05,-6.063158044,4177000000,3177000000,48.40581905,34.61,NaN
1635341400,344.25,350.64,338.34,340.88,336.44,4716018,12016510.75,-5.411727991,4177000000,3177000000,46.81338327,19.38,NaN
1635427800,343.1,353.28,341.54,347.92,339.0744444,4738916,11772880.95,-4.631772431,4177000000,3177000000,49.40967163,16.04,NaN
1635514200,344.47,347.7,337.2501,345.21,340.2266667,4459009,10278267,-4.026891872,4177000000,3177000000,48.42963331,21,NaN
1635773400,334.99,338.07,320.55,337.17,340.6222222,8662836,9544835.75,-3.710570761,4177000000,3177000000,45.54342159,2.33,NaN
1635859800,338.74,349.45,337.04,348.64,342.3588889,5259391,9225930.75,-3.094065288,4177000000,3177000000,50.11126829,15.03,NaN
1635946200,350,350.1,336.2,345.92,343.0644444,6447838,8675454.4,-2.637418729,4177000000,3177000000,49.06031913,12.91,NaN
1636032600,295.81,297.73,278,284.02,338.34,30967714,9434292.35,-3.913096073,4177000000,3177000000,32.40470085,-55.55,NaN
1636119000,241.57,246.1,210.96,236.99,325.8322222,59630296,11884215.2,-6.109423751,4177000000,3177000000,25.3601765,-89.55,NaN
1636381800,233.06,245.92,233.06,244.68,314.6033333,14606791,12233265.7,-7.501993994,4177000000,3177000000,28.11209477,-104.88,NaN
1636468200,246.07,250.57,232.21,236.85,303.0444444,10960266,12271618.35,-8.6654758,4177000000,3177000000,27.01973398,-108.89,NaN
